resting_hr,max_hr,hrv,vo2_max,weight,reaction_time,match_consistency,minutes_played,injury_frequency,recovery_time,training_hours,player_id,fatigue_score,readiness_score,recorded_at,created_at,updated_at,injury_risk
64,200,53.39073001,41.93700316,73.37498259,319.9949832,0.959248892,1896,3,7,5.282057895,8,41.76,96.6,2025-04-22 08:49:58,2025-06-14 07:49:30,2025-05-15 15:25:36,0.88
55,191,35.45474902,33.6680902,82.60605607,404.9512863,0.931945019,974,3,11,5.233328316,13,57.98,24.74,2025-05-17 09:24:24,2025-05-01 07:58:50,2025-06-14 15:04:23,0.61
63,152,94.39761627,43.60615077,86.2624813,201.3264961,0.476880702,2013,0,0,18.08397348,9,72.36,55.93,2025-06-06 02:37:35,2025-05-15 02:59:48,2025-06-17 13:49:58,0.91
51,169,69.64101864,53.66527038,78.29989973,283.3194912,0.169345861,2080,0,0,12.58779982,2,11.22,57.97,2025-05-08 10:16:51,2025-04-19 00:02:19,2025-06-01 05:10:58,0.32
63,195,36.23824989,41.35400656,75.78283231,468.4569549,0.949754133,701,2,5,7.989499894,10,5.74,7.38,2025-05-25 18:06:03,2025-07-06 20:55:52,2025-06-05 02:56:45,0.18
63,172,80.8333704,49.22344049,96.11334622,274.732011,0.315876853,2791,0,0,13.56753327,2,32.52,53.59,2025-04-20 23:27:16,2025-06-06 00:38:02,2025-04-13 01:54:07,0.68
82,198,71.85094023,33.30533878,75.39091017,384.6802961,0.894881518,1147,3,4,8.534286719,2,93.03,93.93,2025-05-26 01:16:22,2025-06-25 05:26:52,2025-04-24 22:39:34,0.01
60,194,57.78902636,43.02154051,87.44879027,470.0077156,0.949450674,1556,3,8,8.344206263,8,5.39,61.37,2025-05-12 08:27:55,2025-05-23 20:13:01,2025-05-23 15:26:16,0.64
57,192,44.16644775,42.39188492,81.39734362,452.1570097,1.061277198,1266,2,8,5.202167948,6,85.07,92.79,2025-05-26 23:06:41,2025-05-24 23:11:45,2025-05-22 09:28:12,0.24
79,202,68.06876809,47.91527191,74.2611067,412.6551144,1.195516086,984,3,8,7.051914615,7,89.34,41.08,2025-05-17 06:19:55,2025-05-06 10:25:17,2025-05-29 12:58:15,0.39
62,181,83.95461866,43.89569866,86.41403517,262.4354048,0.218253474,2645,0,0,14.5653457,3,34.62,87.31,2025-07-06 20:34:37,2025-05-25 14:12:48,2025-06-18 20:42:49,0.35
63,160,72.97380084,32.44175909,83.90744595,290.6828442,0.2088529,2282,0,0,14.27107789,14,69.18,75.41,2025-05-03 21:08:31,2025-05-22 02:16:13,2025-06-28 13:17:46,0.53
52,188,66.58623413,40.68178839,87.12074928,269.2436033,0.207764934,2663,0,0,19.42909704,3,3.35,91.71,2025-06-12 09:57:01,2025-07-04 04:36:48,2025-06-09 00:41:22,0.14
57,161,70.07129183,49.94497012,69.02634929,228.4840494,0.114754779,2112,0,0,19.76614956,3,73.18,65.67,2025-05-28 15:04:00,2025-05-02 19:27:38,2025-04-10 14:06:11,0.2
54,181,96.33063544,34.79123781,78.6223718,248.945276,0.494260182,2415,0,0,15.92696724,12,35.35,41.19,2025-06-08 23:22:10,2025-06-11 02:56:38,2025-04-19 12:01:01,0.05
60,206,51.84649046,37.35566265,78.96917492,426.7059422,1.035774684,1251,1,10,6.603900325,7,1.14,90.07,2025-05-19 16:12:11,2025-05-26 23:52:40,2025-06-23 01:15:27,0.74
72,209,73.03835621,44.40482095,81.33448597,461.9002092,0.848665987,988,1,9,6.933676732,13,29.86,11.7,2025-06-11 19:03:22,2025-05-26 15:38:01,2025-04-12 01:37:41,0.88
60,207,57.74080855,57.54678707,67.73824883,431.9968092,1.3172222,1516,1,3,9.981268499,14,7.97,92.37,2025-05-02 09:06:18,2025-05-06 07:41:11,2025-04-21 22:27:05,0.77
54,198,38.36614058,54.0071566,85.39983427,471.2648584,0.904508127,1127,3,2,5.80814357,13,94.15,96.74,2025-05-26 19:55:50,2025-06-17 11:08:48,2025-04-11 01:06:55,0.89
83,192,74.89131066,58.80266885,89.2099151,356.7841949,0.80536386,1321,3,10,5.879626263,9,43.46,30.43,2025-07-04 13:43:22,2025-05-30 15:00:39,2025-04-09 20:29:25,0.58
54,169,74.65875138,44.88341046,93.02349811,230.8060792,0.317016092,2954,0,0,13.67715803,13,95.57,78.27,2025-05-02 10:50:05,2025-05-17 22:29:19,2025-04-30 17:21:14,0.09
63,187,99.15571433,39.73484306,87.18296363,243.4394366,0.240031363,2608,0,0,15.76903885,13,57.92,69.9,2025-06-09 14:47:11,2025-04-13 15:33:20,2025-04-30 12:55:21,0.74
61,205,38.42317087,30.48631933,91.1368074,335.4221359,1.440458584,976,2,6,9.417470111,3,26.64,99.34,2025-04-15 21:50:50,2025-05-11 13:24:16,2025-05-11 07:05:08,0.28
57,178,77.12736593,49.33309638,99.09049943,285.3009455,0.217779557,2980,0,0,11.90911031,13,70.39,84.88,2025-06-15 10:15:46,2025-04-27 17:10:12,2025-06-12 02:33:52,0.07
51,174,75.78765867,56.88426281,87.90050504,207.0416131,0.183567487,2942,0,0,19.9005385,13,82.56,82.26,2025-06-18 09:10:30,2025-07-05 00:32:31,2025-06-06 19:36:54,0.48
59,151,72.90203057,56.9733959,64.09863994,270.8910997,0.321127991,2681,0,0,18.09361155,14,96.22,9.65,2025-05-01 01:20:04,2025-04-23 22:09:05,2025-07-01 14:19:17,0.64
57,162,63.26376722,30.10369726,78.83683245,219.4273954,0.128376367,2399,0,0,10.50768531,11,8.48,37.37,2025-07-04 16:18:50,2025-06-01 07:31:57,2025-04-21 20:32:56,0.15
61,183,63.75927759,41.56560282,61.07826821,246.5598018,0.317057854,2124,0,0,18.38933502,6,98.34,46.61,2025-04-27 11:25:36,2025-05-10 04:13:33,2025-06-09 23:23:26,0.46
53,155,72.13062059,50.74164854,69.79953725,282.7869004,0.208617166,2619,0,0,16.22890476,11,6.03,82.0,2025-06-06 14:48:19,2025-06-29 21:52:05,2025-04-25 09:11:13,0.59
53,204,50.98536632,32.76706185,78.31863556,493.9073734,1.214595104,1156,3,4,7.194857104,11,92.31,10.56,2025-05-26 23:28:56,2025-06-08 23:43:56,2025-06-13 22:43:33,0.91
59,172,77.132579,43.76999802,61.74580787,291.5213728,0.276940892,2095,0,0,15.49226665,11,65.98,37.95,2025-04-16 19:06:29,2025-05-07 22:59:53,2025-05-30 20:11:10,0.17
62,150,98.19461123,44.75793833,88.85885131,261.1720746,0.267840025,2075,0,0,15.6603721,8,85.61,54.73,2025-05-18 15:45:50,2025-04-14 19:11:22,2025-04-19 18:10:31,0.12
58,203,32.75397197,31.88313977,69.34239928,495.9021057,0.67533027,1411,2,11,7.458079376,12,7.76,20.65,2025-05-23 12:14:20,2025-06-18 17:01:25,2025-07-01 20:36:20,0.88
63,179,85.99094731,30.96117848,88.47437195,288.6680387,0.204357449,2905,0,0,16.25859916,11,69.28,24.74,2025-06-16 14:57:16,2025-04-12 12:36:22,2025-05-25 06:29:11,0.35
77,194,87.35855078,52.31702329,88.31674814,488.8503194,1.367198934,659,3,5,7.877370889,10,0.03,6.35,2025-04-22 00:00:01,2025-06-21 15:32:05,2025-06-02 17:00:28,0.72
70,190,92.44816707,56.41278951,78.7781901,464.0853688,1.151484772,1566,1,3,5.194815662,2,49.0,84.48,2025-05-21 20:39:02,2025-04-16 06:51:29,2025-06-22 00:36:07,0.75
70,197,75.41586484,53.63227338,70.21873708,352.1389056,0.996037454,1325,1,3,8.144714234,8,91.38,58.39,2025-05-07 06:17:13,2025-05-27 10:58:17,2025-05-05 10:51:53,0.58
58,170,98.70322206,50.95943766,72.70412827,256.8520284,0.33036983,2098,0,0,14.12617677,13,74.85,13.74,2025-06-14 07:19:00,2025-05-07 05:47:33,2025-05-08 00:02:16,0.64
57,172,97.23029302,57.16825504,72.86982082,275.0871068,0.40181715,2872,0,0,13.77728886,8,91.8,67.22,2025-06-29 09:09:59,2025-06-05 19:05:13,2025-06-27 07:40:51,0.2
78,202,95.82092914,47.78403357,60.32512954,481.0763953,0.591286677,954,2,5,7.867189441,10,31.21,22.62,2025-06-11 03:21:20,2025-04-18 23:03:16,2025-06-05 23:59:06,0.27
54,184,84.09763704,41.07406105,66.38183685,294.6194543,0.41251842,2038,0,0,10.91206103,12,70.67,17.31,2025-04-11 06:50:06,2025-06-25 21:05:47,2025-06-21 05:59:51,0.91
63,194,89.48142227,50.9183154,81.17494452,493.7303888,1.18803001,1453,1,0,5.505613381,9,87.53,48.82,2025-07-05 02:30:57,2025-05-05 23:57:44,2025-04-10 14:01:47,0.43
77,199,75.86606408,47.83793818,64.39814465,402.6652337,0.733228072,1888,1,7,9.063997836,12,12.35,44.71,2025-06-03 22:11:38,2025-04-27 03:07:49,2025-06-30 17:47:00,0.98
62,193,74.00872987,44.16362391,74.45000964,375.597518,1.205084364,1213,2,0,6.651262645,7,3.2,19.61,2025-04-15 21:52:57,2025-04-30 13:14:43,2025-04-09 01:53:50,0.04
82,207,78.74642568,41.12606551,63.56453749,323.5052494,1.149210302,1524,3,10,6.874352898,13,69.32,31.58,2025-06-20 18:01:37,2025-06-03 16:14:42,2025-04-21 17:31:40,0.91
50,187,77.45343326,56.04218498,89.33702006,255.6005039,0.229074555,2079,0,0,15.27701109,14,16.02,33.74,2025-06-23 19:47:52,2025-06-10 12:28:48,2025-06-15 20:48:51,0.88
53,192,87.81644492,31.50869094,64.98646296,343.3618213,0.794493947,1896,2,0,7.92157156,13,17.14,35.36,2025-05-13 00:24:55,2025-04-17 08:00:05,2025-05-18 16:00:56,0.24
60,201,58.76107222,31.15727796,84.86304497,321.3512132,0.835660065,1645,2,9,6.76676114,8,62.53,54.88,2025-04-27 19:10:53,2025-04-29 20:34:33,2025-05-18 03:55:49,0.17
54,185,99.44842978,53.96323428,76.08289099,230.9527616,0.425518008,2731,0,0,12.70957643,10,41.57,58.08,2025-07-05 10:19:57,2025-05-23 12:41:50,2025-05-31 07:49:50,0.01
62,195,97.99199653,54.51439017,78.40245588,383.6486073,1.432728483,1765,3,0,5.226093351,6,27.63,78.59,2025-05-01 17:53:25,2025-04-25 09:35:26,2025-05-06 00:13:09,0.33
75,190,79.21480327,49.70572101,71.3021691,449.91566,0.892989449,1326,3,2,9.191643524,6,11.83,42.92,2025-06-03 11:44:07,2025-04-17 18:29:50,2025-05-02 09:15:17,0.15
64,150,60.54687859,41.50718121,80.75143192,253.4346275,0.3999643,2770,0,0,15.55431706,10,39.43,94.34,2025-05-28 12:58:24,2025-05-03 01:28:38,2025-07-01 16:42:47,0.64
59,199,41.33551648,44.82169665,66.15135986,350.2884879,0.774731797,1969,1,2,8.784995661,10,74.67,81.08,2025-04-08 21:36:11,2025-06-06 16:46:21,2025-04-19 15:14:24,0.43
57,188,86.86292782,50.40615402,83.16955175,252.0163501,0.4408726,2053,0,0,19.67973765,9,40.56,64.51,2025-05-02 01:11:24,2025-04-25 11:52:37,2025-05-21 09:32:14,0.2
58,206,34.02045685,40.57565353,82.65411767,424.0619103,1.204079768,934,3,7,8.08631856,6,6.05,96.13,2025-04-11 18:42:58,2025-04-16 11:31:39,2025-07-03 12:53:42,0.18
51,167,75.6897618,48.74949844,87.12476083,234.8255467,0.305595796,2983,0,0,19.10471278,9,39.81,23.85,2025-04-22 12:26:50,2025-06-14 03:05:21,2025-06-01 04:46:32,0.56
72,206,97.98082495,42.94146962,87.79762875,398.4232586,0.758244388,1483,1,3,8.104028422,12,58.23,32.26,2025-05-09 05:32:45,2025-05-22 17:15:54,2025-07-05 00:06:22,0.23
60,160,63.03453312,42.57759444,63.84137517,215.1902694,0.155530869,2519,0,0,11.80067272,14,96.28,77.28,2025-06-29 06:53:34,2025-05-09 14:38:11,2025-06-18 02:24:20,0.55
52,181,78.95846561,43.35115477,79.30799678,219.2289019,0.116347447,2004,0,0,13.45082628,6,18.83,17.39,2025-04-30 12:56:32,2025-05-26 09:47:36,2025-05-18 04:57:13,0.62
54,155,64.82543484,49.21557536,66.19001155,236.4269861,0.301366908,2812,0,0,13.21582765,10,9.65,7.62,2025-06-08 06:20:58,2025-06-15 11:11:19,2025-06-13 19:39:10,0.46
58,204,45.34971041,43.13955365,71.31857896,300.5190049,1.368301107,507,1,4,5.922605097,13,42.08,45.36,2025-05-03 08:31:58,2025-04-21 07:28:24,2025-05-03 09:21:32,0.82
77,203,84.73019086,37.37827279,73.87604148,449.4941876,0.536683203,1835,3,8,8.435827527,6,63.0,30.65,2025-07-04 20:12:06,2025-05-31 07:52:03,2025-04-18 05:23:13,0.42
84,202,94.68859924,37.08293342,71.91491498,320.9738333,1.237405206,527,2,8,6.610395828,14,61.37,98.23,2025-07-04 02:08:49,2025-07-03 03:58:25,2025-04-29 04:59:22,0.83
63,174,95.62109123,41.87184907,80.37306957,278.9171239,0.29937688,2110,0,0,15.84199485,12,2.86,16.47,2025-06-03 16:16:41,2025-05-24 01:37:58,2025-05-01 13:06:28,0.96
77,197,77.26638185,42.55160606,68.51327717,372.6164593,1.145917241,1966,3,7,8.028874097,11,74.86,85.84,2025-06-28 15:09:38,2025-05-13 06:25:51,2025-05-15 18:59:54,0.1
54,155,74.61427279,49.75619602,85.52452554,208.7887625,0.422345955,2663,0,0,18.96765425,7,13.12,87.6,2025-05-27 15:56:56,2025-06-14 09:34:16,2025-06-13 07:11:54,0.35
64,189,87.87845849,49.9451107,86.89830789,257.5998418,0.466958245,2846,0,0,18.17072071,3,11.1,33.49,2025-06-08 13:39:22,2025-05-08 05:52:58,2025-05-01 19:51:27,0.38
75,208,92.83445893,54.36914542,76.05110196,395.3238968,1.338582559,825,2,7,8.554762394,7,67.0,93.59,2025-04-19 15:03:27,2025-05-23 18:18:58,2025-04-12 21:39:34,0.31
70,201,64.59347299,42.21240085,82.21576383,416.2476443,0.654362715,1344,3,4,5.259117684,13,89.99,77.11,2025-06-17 06:10:13,2025-04-12 05:03:03,2025-05-09 16:36:21,0.15
74,199,99.5984093,46.4470769,84.29623338,350.928131,1.181502722,1284,1,9,8.030509405,9,68.2,4.44,2025-07-01 00:28:32,2025-06-17 16:33:35,2025-07-06 15:56:14,0.04
50,154,93.22477631,49.30053821,63.7289167,273.0867475,0.475336183,2587,0,0,13.79228585,8,59.0,36.31,2025-05-21 05:50:41,2025-05-06 23:28:38,2025-04-17 11:58:58,0.57
55,197,54.83822662,55.0100385,83.98611393,465.0265353,0.686404987,1350,3,11,9.539330652,2,83.49,31.54,2025-05-02 13:51:46,2025-04-15 23:08:38,2025-04-29 05:06:12,0.09
58,207,54.49798318,48.78269817,71.30833288,392.5359571,0.801377874,1546,3,2,6.161063476,2,65.35,7.92,2025-05-09 05:43:09,2025-07-01 18:25:43,2025-06-26 00:45:13,0.38
51,163,62.6647645,44.58050782,76.28547932,243.1528143,0.233126314,2178,0,0,13.34905615,2,84.56,71.0,2025-05-18 05:38:25,2025-05-29 22:49:03,2025-05-21 16:43:52,0.44
64,178,79.81694506,44.82921822,89.32877123,299.7692616,0.400961248,2996,0,0,17.78571939,9,39.42,9.95,2025-06-15 06:47:38,2025-05-06 09:07:05,2025-07-07 15:02:10,0.2
55,151,90.49834743,57.53531274,70.26245246,282.1257305,0.144252695,2227,0,0,14.57000219,7,52.6,33.82,2025-06-22 10:33:19,2025-06-17 08:00:32,2025-04-22 22:29:53,0.94
62,157,65.99669709,34.5850279,93.05631421,272.0036537,0.356459053,2754,0,0,15.65508347,13,2.68,18.91,2025-05-01 07:57:26,2025-05-11 18:16:55,2025-06-21 06:45:24,0.5
54,169,67.26390867,58.16901123,77.50175384,240.0851417,0.284802321,2301,0,0,16.14950263,8,88.39,9.57,2025-05-06 13:37:57,2025-07-07 01:32:46,2025-04-10 22:02:47,0.13
83,207,84.45816942,40.36220368,86.16371727,486.4236565,1.065133184,1847,1,9,5.115113024,14,96.63,53.4,2025-06-19 22:51:45,2025-04-10 14:16:25,2025-05-23 10:22:26,0.27
61,180,84.26860186,38.48261343,82.09332707,293.4367015,0.470227405,2406,0,0,11.22810782,10,13.45,55.57,2025-06-16 01:10:38,2025-04-23 03:20:58,2025-06-28 23:29:57,0.96
63,193,64.98650725,58.41683765,86.09689086,403.7676114,1.091275436,1160,3,0,5.273808194,2,41.9,26.07,2025-06-08 12:36:07,2025-05-08 20:03:53,2025-04-26 13:50:10,0.39
58,175,73.33996687,47.96337387,76.12186809,291.9855616,0.238538398,2209,0,0,14.80836978,8,73.81,64.5,2025-06-29 07:51:44,2025-06-07 20:51:34,2025-06-03 16:01:34,0.35
80,201,96.50997852,34.96452886,77.32895862,333.1026635,0.53387916,1684,1,7,6.10048607,9,83.2,63.77,2025-05-18 15:54:00,2025-06-08 18:27:56,2025-05-11 17:36:00,0.05
76,206,98.4428127,42.97325456,72.43872371,317.0699336,1.496874252,1060,3,2,6.549684631,10,14.13,32.69,2025-05-30 11:41:02,2025-04-19 19:46:18,2025-07-04 16:07:34,0.6
60,208,40.48160997,49.36463657,78.74927961,375.5451895,1.336564813,1542,2,2,8.877638083,9,10.31,84.79,2025-05-14 21:34:34,2025-06-20 06:21:04,2025-07-05 06:52:28,0.14
75,206,76.03052244,41.19280663,64.65720738,336.3856261,1.361785621,1299,2,11,9.487152049,14,13.05,75.12,2025-06-12 04:25:34,2025-04-09 18:55:32,2025-04-23 19:36:40,0.97
76,207,94.6797504,48.15968991,76.55167786,350.7777128,0.6961131,827,2,10,8.999580427,6,29.61,73.95,2025-05-09 08:40:10,2025-06-03 15:44:05,2025-05-21 09:45:28,0.12
61,204,51.62439289,46.10629935,89.66186346,420.6394804,1.306850149,951,1,7,6.024921477,9,81.8,41.08,2025-06-06 01:14:42,2025-06-07 11:37:48,2025-05-28 10:17:42,0.05
51,156,85.329631,44.71809226,85.44384286,212.277689,0.45057763,2284,0,0,14.21424551,11,96.64,35.73,2025-05-15 10:01:03,2025-06-19 20:48:01,2025-06-07 08:14:00,0.14
54,209,73.43463429,56.50214663,70.89177637,306.8456222,1.330654507,1304,2,0,8.869172616,9,44.08,35.02,2025-06-03 09:57:31,2025-06-23 03:08:31,2025-06-21 02:55:08,0.37
81,192,97.93813228,55.27211588,64.20339527,473.6935952,0.987431198,627,1,3,5.112346542,9,70.93,4.01,2025-06-08 01:57:15,2025-04-17 01:11:19,2025-04-09 04:16:51,0.2
51,202,42.07650131,44.36046215,79.35162503,384.3407869,0.632276211,528,1,3,6.361536633,8,97.18,67.32,2025-06-03 02:02:11,2025-05-17 11:07:13,2025-05-27 15:02:21,0.88
54,199,47.29549427,35.48110441,76.62534008,430.2840777,1.329741804,841,1,10,6.332491967,10,51.66,99.99,2025-04-28 16:03:24,2025-05-21 01:37:20,2025-06-04 23:43:19,0.83
81,202,86.60146698,33.50742557,87.43235838,383.754105,0.883138528,1133,2,3,5.831416844,2,63.43,38.74,2025-05-19 03:23:27,2025-06-05 08:20:36,2025-06-04 10:27:37,0.61
54,185,90.83943702,31.36499411,85.11236972,243.7193396,0.466205471,2186,0,0,12.97121716,11,54.79,65.97,2025-05-07 01:10:26,2025-06-26 10:09:27,2025-05-07 08:38:41,0.77
56,204,98.16347746,32.70002555,74.51264826,353.9822445,1.039842779,1990,3,0,9.207648302,7,38.89,42.13,2025-05-20 09:39:35,2025-04-29 17:45:55,2025-05-13 16:02:08,0.55
82,200,73.36975563,55.41824407,63.19794759,315.0275563,1.228188756,1740,1,9,7.174136693,10,86.43,4.4,2025-06-19 06:37:25,2025-04-20 20:14:52,2025-04-16 20:33:30,0.9
51,186,60.09357563,49.35398776,60.15761456,210.3093746,0.225838623,2954,0,0,19.17313575,7,2.13,90.07,2025-06-29 12:00:00,2025-05-10 18:28:53,2025-07-06 18:19:49,0.94
58,206,35.55398787,50.83801895,86.18837508,446.4449773,1.306561148,873,2,9,6.248340044,14,88.02,28.74,2025-04-19 20:52:13,2025-04-09 09:05:09,2025-07-01 11:47:38,0.77
80,198,97.76237359,40.78853623,81.16725518,485.0496635,0.680575345,1480,2,11,6.564274283,7,52.84,72.26,2025-06-21 06:56:23,2025-04-19 01:08:06,2025-06-28 21:26:36,0.78
78,208,96.97584782,49.4211649,88.32799467,394.8428433,1.362042651,1434,3,3,7.61217288,8,8.0,93.37,2025-04-19 04:26:58,2025-06-12 06:52:41,2025-05-01 06:51:51,0.07
64,173,69.20035349,32.41133772,62.30859605,269.6288776,0.235949986,2182,0,0,14.0448545,10,96.45,67.95,2025-05-09 11:55:06,2025-06-02 21:08:54,2025-04-14 00:57:00,0.89
50,153,91.62892659,36.37505006,78.77674129,288.5977748,0.346345275,2893,0,0,14.17506084,2,98.3,6.32,2025-04-10 06:10:59,2025-05-28 00:43:06,2025-05-06 15:29:08,0.21
63,202,45.86811402,48.78135397,83.96349707,499.5868221,0.850711815,1457,1,6,7.398906634,6,78.24,34.09,2025-06-14 01:49:47,2025-06-23 16:55:54,2025-05-10 14:00:09,0.07
64,199,32.75098005,36.72740928,88.06297979,446.4543614,0.503346362,1952,2,9,6.436194958,14,30.93,5.41,2025-06-24 16:55:43,2025-05-06 12:49:41,2025-07-01 02:04:14,0.32
54,205,30.53621804,49.75444779,85.69432834,376.8653294,1.179647283,1663,3,11,8.989946611,10,80.48,14.57,2025-04-26 11:23:38,2025-06-04 14:06:24,2025-04-22 04:43:40,0.45
55,188,95.1647323,58.89464045,74.02204534,261.3411389,0.166813578,2563,0,0,10.64986409,11,71.99,76.67,2025-06-16 09:02:19,2025-05-26 23:44:55,2025-05-29 09:14:58,0.84
64,208,80.50754044,34.61339623,79.4132008,344.0972418,0.686438262,758,2,0,9.003848436,10,50.38,99.09,2025-07-04 12:36:27,2025-07-05 18:06:35,2025-05-22 22:26:53,0.66
50,198,97.11009133,59.89815645,65.21685748,379.2484038,1.258238476,561,1,0,5.769479532,2,21.76,53.05,2025-05-12 04:37:06,2025-07-01 12:50:05,2025-04-28 08:19:53,0.25
82,204,61.39460641,47.89842882,96.50317041,391.4864196,0.891169766,1134,1,10,5.221883318,8,31.49,58.39,2025-07-05 09:05:09,2025-05-12 15:12:10,2025-06-09 07:13:57,0.92
58,204,49.65725942,51.01714741,62.6096028,381.6906426,0.872688517,827,3,6,5.243917908,13,23.64,70.82,2025-04-28 15:35:42,2025-04-30 03:04:43,2025-05-14 16:32:01,0.25
61,162,95.77919724,59.8295067,61.84551079,288.2906269,0.306431608,2114,0,0,18.24680966,7,32.1,88.01,2025-04-21 14:29:36,2025-06-16 20:14:25,2025-07-01 09:06:29,0.81
77,202,70.68113081,47.57259973,94.93565054,431.6903669,1.350581729,1315,1,10,9.650451753,13,4.93,78.55,2025-06-07 08:47:28,2025-06-07 06:54:23,2025-06-15 14:38:23,0.15
75,196,95.26548531,49.22630576,86.63675022,475.814296,0.505145171,1171,3,6,8.717541281,2,13.85,67.11,2025-05-28 20:25:41,2025-06-03 15:52:22,2025-04-11 21:01:06,0.49
51,163,90.26543215,35.17376661,65.79398594,208.4098224,0.230573431,2232,0,0,16.31813527,7,27.9,66.03,2025-04-17 20:21:29,2025-04-12 02:07:27,2025-05-19 01:58:36,0.95
57,184,65.13794872,35.66685897,60.55283156,243.2240784,0.436048601,2411,0,0,16.32621893,8,85.51,41.64,2025-04-14 10:14:36,2025-06-06 00:28:41,2025-04-17 14:31:05,0.63
55,193,35.21260426,55.41708217,88.41893665,333.2755174,1.270984293,900,2,7,6.729415285,7,71.33,78.82,2025-06-13 01:17:20,2025-05-05 21:00:47,2025-04-15 07:58:00,0.66
51,163,98.93955877,59.37755711,82.48955495,213.008624,0.403305278,2006,0,0,10.65626145,7,17.82,4.6,2025-04-28 17:17:25,2025-05-26 23:20:00,2025-04-10 20:33:05,0.3
64,181,90.81629671,53.66590753,73.37708119,227.3626666,0.4988498,2976,0,0,11.0219362,6,91.68,53.97,2025-05-17 22:26:29,2025-07-03 16:34:33,2025-05-17 23:59:09,0.65
56,178,87.74728903,44.41539226,62.47143137,268.0499302,0.361804486,2538,0,0,18.68054323,14,53.43,21.58,2025-05-11 16:42:26,2025-04-23 22:56:39,2025-04-27 03:20:22,0.73
61,178,97.74463681,48.39454634,79.15577843,239.7594398,0.209686081,2386,0,0,13.1195199,10,80.18,36.33,2025-07-06 13:45:47,2025-06-20 13:01:29,2025-06-21 21:35:23,0.15
64,191,36.39314112,40.62268166,79.55000476,373.7052687,1.36435825,707,3,9,5.796228691,13,49.16,67.65,2025-04-30 08:11:09,2025-06-22 13:54:51,2025-07-04 18:31:41,0.04
54,197,53.12765534,56.89566456,82.83071973,425.2440643,0.631244878,1192,2,4,5.927294373,6,61.01,6.07,2025-05-06 22:27:23,2025-05-05 17:24:37,2025-07-07 03:41:33,0.66
83,196,65.00743169,43.71130574,72.90917685,340.1049453,0.991594547,1225,2,6,6.344967022,14,18.88,11.8,2025-04-29 04:28:14,2025-06-12 17:04:05,2025-06-15 07:12:52,0.71
82,206,60.4648216,31.44893776,84.81233891,395.9877669,1.100020548,510,1,10,9.300611986,2,32.58,65.85,2025-05-30 01:26:43,2025-06-23 06:36:12,2025-05-13 19:55:55,0.62
60,208,64.19720714,44.84090032,89.5998778,328.4991086,0.998888153,1609,1,0,7.798243417,14,16.94,88.6,2025-06-20 12:04:32,2025-06-30 23:16:57,2025-04-16 15:42:36,0.77
50,191,81.36968824,47.65066972,77.06271336,464.9028094,0.857801351,1626,2,0,9.887331932,6,85.53,68.01,2025-05-25 16:05:47,2025-06-19 15:36:33,2025-04-28 21:00:03,0.19
71,204,68.00600977,43.34965165,63.13703521,427.2860499,1.206475726,508,2,10,5.259856418,8,67.69,6.36,2025-07-02 05:00:26,2025-04-13 14:53:28,2025-05-14 23:32:38,0.97
61,157,97.89401851,42.5060932,94.58556815,261.2257986,0.293759379,2458,0,0,18.94816656,7,31.38,86.12,2025-06-19 12:49:31,2025-06-28 05:07:27,2025-06-20 02:00:42,0.7
75,192,61.63016424,33.27998962,85.96518041,444.965312,1.093278648,1408,1,4,6.096069937,2,39.32,56.91,2025-05-13 05:55:34,2025-06-06 17:02:19,2025-06-29 20:06:58,0.08
82,197,94.87331116,38.67310668,61.30984973,332.3345088,0.520861139,1161,1,9,9.873965811,3,60.17,84.02,2025-06-11 06:15:18,2025-04-21 02:38:57,2025-06-14 14:41:55,0.53
52,184,68.822445,38.36799577,66.10734841,284.0452406,0.169677335,2724,0,0,17.2716907,11,58.67,78.59,2025-05-04 02:54:17,2025-04-18 07:59:15,2025-06-16 22:20:50,0.11
54,193,52.06050896,55.35447776,75.14534646,408.6601047,1.013995868,919,2,6,6.977575849,3,78.1,63.83,2025-07-03 20:44:59,2025-07-06 16:53:35,2025-05-03 21:25:17,0.41
51,193,42.65162781,35.53655594,89.80875821,482.4726691,0.710662189,1760,2,9,9.179990319,14,68.88,70.48,2025-05-01 13:51:31,2025-06-14 21:16:00,2025-04-22 01:19:43,0.08
57,185,96.36130083,43.59366218,67.12629975,297.1395094,0.172390781,2836,0,0,10.69132786,14,78.09,50.25,2025-06-23 23:55:17,2025-04-29 10:16:04,2025-07-01 19:40:43,0.78
61,163,80.59269416,47.18466739,77.78852554,216.3523873,0.256432615,2027,0,0,12.58133433,10,14.85,43.73,2025-04-17 15:25:27,2025-06-30 18:58:25,2025-07-02 01:09:16,0.85
50,189,83.9485592,47.93319553,67.11083571,223.4674038,0.453483868,2629,0,0,11.69757905,7,82.87,60.62,2025-05-12 07:23:42,2025-06-18 10:28:26,2025-06-02 14:04:06,0.79
81,198,77.23550095,44.97428545,78.5143496,441.3554434,0.667041908,1807,1,6,6.783660265,6,21.84,23.32,2025-06-12 19:44:23,2025-04-29 10:32:43,2025-05-09 21:45:43,0.97
70,201,77.85474586,47.28432355,88.95350624,407.9811679,0.534187766,833,2,10,7.65584764,6,23.99,43.21,2025-07-03 14:14:06,2025-05-03 13:21:26,2025-05-08 06:52:04,0.26
50,184,78.08796113,48.67750035,82.90390262,250.7234809,0.116629144,2489,0,0,13.97378988,2,91.03,84.31,2025-07-03 09:29:14,2025-06-20 19:25:54,2025-04-09 08:51:34,0.96
60,191,72.92522628,59.46195496,77.40336689,350.844916,1.021730047,1418,2,0,5.698256274,10,57.7,80.3,2025-06-25 14:18:49,2025-06-27 20:50:55,2025-05-13 23:07:56,0.71
53,165,97.59279168,44.65797837,79.05954737,218.8349084,0.39233179,2668,0,0,14.43750219,11,94.48,54.31,2025-06-06 10:31:10,2025-05-15 03:01:12,2025-06-28 02:15:27,0.18
64,191,86.46529401,59.57262575,71.22890301,303.5031982,0.74414729,802,1,0,5.151935298,7,54.73,31.15,2025-06-18 17:31:42,2025-06-18 20:20:45,2025-04-13 23:04:19,0.94
53,190,48.01828628,48.81750713,95.67097209,433.3943034,1.077185237,1743,2,3,8.024769613,14,80.77,74.98,2025-06-03 23:39:12,2025-06-11 19:01:50,2025-04-26 14:56:15,0.82
58,205,90.0971105,31.80963391,68.66056787,321.8219264,1.150511648,1625,2,0,9.628374154,6,53.13,84.69,2025-06-10 14:30:03,2025-06-04 15:02:25,2025-04-21 17:25:54,0.53
51,202,53.93440947,38.7116663,84.53502649,324.0418111,1.044489098,1224,3,2,6.832307674,8,27.07,31.02,2025-06-28 11:34:37,2025-06-10 09:40:40,2025-06-26 18:20:23,0.33
72,190,69.50176523,37.46503583,66.81808882,314.6391848,1.103448593,1473,2,3,7.317470219,8,81.07,74.49,2025-05-27 15:21:57,2025-06-24 20:07:44,2025-05-02 20:55:11,0.3
77,205,93.88669445,48.28473032,84.41298865,321.7836684,0.648991856,803,1,5,8.039525464,11,98.55,61.11,2025-04-21 17:47:41,2025-05-22 20:47:21,2025-05-24 01:13:31,0.09
83,207,88.61963628,40.42468265,95.55983547,386.1724183,1.39671429,1640,3,10,8.273465407,9,18.56,35.1,2025-04-09 04:51:11,2025-04-16 00:59:20,2025-06-21 00:08:31,0.37
54,162,74.06490749,32.02841657,74.57615278,225.6776568,0.213949161,2538,0,0,19.29605877,2,22.94,19.43,2025-05-27 05:45:01,2025-05-22 09:27:18,2025-04-28 13:07:23,0.37
79,193,88.70543144,37.99810414,99.41813097,464.6348031,1.022481041,1786,3,11,8.998905477,2,82.87,76.85,2025-06-19 05:22:52,2025-06-15 12:48:48,2025-04-29 13:18:18,0.42
57,206,47.01936659,35.13125567,88.88780626,396.7091293,1.30599255,1908,1,11,5.561521722,8,99.39,54.73,2025-05-12 21:26:25,2025-05-18 09:12:58,2025-04-22 13:47:50,0.51
75,198,91.74975402,52.93211827,65.24320328,372.1545038,1.405891105,651,1,11,6.278224989,7,18.02,54.73,2025-06-20 03:36:13,2025-06-03 17:14:11,2025-06-09 00:23:47,0.99
52,185,76.94953015,43.35099799,77.38838285,262.3859325,0.280707071,2241,0,0,11.52983801,6,12.3,0.86,2025-07-03 02:26:17,2025-05-12 15:55:35,2025-06-29 23:35:04,0.87
51,190,36.502194,41.91429111,60.70915758,428.3943001,1.107094036,1683,3,11,6.284419238,8,28.03,13.99,2025-04-12 23:32:41,2025-06-23 03:28:53,2025-06-13 21:15:58,0.1
83,191,70.98161016,51.94093834,80.27523735,388.5433934,0.945790915,958,3,9,5.641971447,12,9.79,29.52,2025-05-15 10:17:42,2025-04-15 14:58:06,2025-05-15 07:42:44,0.36
75,199,96.22099169,45.45245455,67.94686342,429.0579675,1.095750728,572,1,7,6.774981529,14,65.58,7.29,2025-05-23 06:50:30,2025-05-30 07:59:46,2025-05-18 12:00:45,0.01
81,191,86.78410465,31.39863211,91.0042056,354.2294873,1.092811992,566,2,11,6.665009565,10,11.9,93.15,2025-06-21 15:01:28,2025-05-19 01:02:16,2025-05-23 20:20:12,0.02
61,151,74.51777087,59.90960981,73.39057054,233.3569549,0.332190003,2441,0,0,19.57625285,12,97.73,41.79,2025-06-21 14:29:21,2025-04-11 09:27:41,2025-06-12 04:09:44,0.84
84,205,76.37911412,48.45378227,84.65419332,300.247336,0.800853108,1479,3,8,6.996579579,12,56.89,66.09,2025-07-07 02:25:10,2025-06-02 12:51:12,2025-04-25 15:23:14,0.81
53,189,90.74399219,34.87313432,91.78896109,209.2929144,0.202818907,2455,0,0,17.5527042,6,6.35,35.87,2025-04-22 10:07:59,2025-05-27 13:21:15,2025-06-14 21:36:24,0.61
81,195,66.37216082,41.26218066,63.52947085,345.47146,0.841674502,860,1,3,9.684789115,6,95.55,44.1,2025-06-20 05:20:28,2025-05-04 05:48:30,2025-06-04 04:07:11,0.28
72,209,71.18814154,58.84774038,86.20009985,332.3528423,1.286275957,642,2,6,6.955213815,7,71.39,81.74,2025-05-14 04:07:03,2025-05-13 01:22:36,2025-05-18 14:43:21,0.85
59,195,92.69798834,37.61246587,96.94935801,473.611338,1.3059254,1530,2,0,5.404596415,6,24.25,6.65,2025-06-20 21:29:12,2025-05-23 16:47:56,2025-06-28 21:56:38,0.91
60,151,68.94457738,59.14645776,77.19124287,293.273074,0.33006534,2252,0,0,18.62014482,11,24.34,85.32,2025-05-05 16:19:02,2025-06-05 11:34:11,2025-06-22 03:27:50,0.13
70,203,95.93046509,46.5866481,82.9382862,490.5595055,1.325200767,1640,2,9,7.391170115,12,92.5,31.63,2025-04-29 13:06:20,2025-05-28 06:50:26,2025-04-25 13:03:10,0.19
53,161,98.63288645,38.64995757,82.79540333,250.6141863,0.275804675,2827,0,0,18.51448638,3,50.54,64.34,2025-04-17 23:16:36,2025-06-07 12:21:07,2025-06-24 09:12:56,0.27
63,151,86.0080437,33.04049706,76.53374068,278.0761586,0.28392017,2641,0,0,14.84601587,10,73.44,24.28,2025-05-12 11:38:58,2025-06-04 20:08:00,2025-06-01 13:48:26,0.44
57,164,99.34715701,44.78360208,64.26748106,212.1384939,0.221310059,2882,0,0,11.77766388,2,3.9,55.17,2025-05-21 08:37:23,2025-05-29 00:43:07,2025-07-04 13:25:35,0.24
53,153,99.86787415,46.27940539,90.38048596,230.6253621,0.349558335,2123,0,0,18.48015885,6,24.73,63.26,2025-04-19 19:26:19,2025-05-23 14:23:36,2025-04-18 14:04:17,0.8
53,184,74.71037404,48.28259505,84.82613687,273.3614381,0.407721957,2509,0,0,12.48580258,3,22.68,82.36,2025-06-08 01:55:05,2025-05-15 19:41:43,2025-05-31 20:24:29,0.46
75,195,70.39252835,55.20579646,64.11329117,407.0620263,0.715201872,712,2,3,8.14649403,11,94.23,68.52,2025-05-07 02:29:47,2025-06-18 14:59:05,2025-05-02 19:42:01,0.41
62,193,41.14225703,45.31702273,79.3827037,399.866767,0.766019278,1128,2,5,9.323301961,2,52.1,58.26,2025-06-07 01:28:27,2025-05-02 19:43:31,2025-07-05 12:19:57,0.28
57,192,41.27664855,37.88952557,86.48616921,457.0033088,1.392084689,604,1,9,6.577034479,7,89.8,44.53,2025-04-27 13:29:27,2025-05-04 05:24:20,2025-06-24 00:20:28,0.75
62,190,55.22614738,40.76852698,87.05285976,392.2954929,1.137201477,1301,3,7,8.183348411,6,87.91,6.15,2025-06-14 13:53:24,2025-05-29 23:41:26,2025-06-14 00:13:07,0.48
56,202,34.50507002,44.74867537,75.36665762,436.0455558,0.541672901,586,3,2,5.36042168,11,95.19,91.19,2025-04-19 15:33:08,2025-05-23 03:34:32,2025-05-22 19:47:24,0.75
50,154,80.34317158,37.75190463,86.54867342,299.1588409,0.488299983,2210,0,0,16.61370611,11,32.18,42.74,2025-06-29 20:42:15,2025-05-21 20:56:20,2025-04-17 12:13:18,0.26
59,154,81.98464175,46.61068913,76.71782081,242.4296886,0.133047065,2367,0,0,19.67860035,8,8.97,21.99,2025-05-24 03:38:55,2025-05-08 06:54:00,2025-06-21 20:18:52,0.18
57,198,41.45818919,34.11374524,63.64159254,423.0025936,1.274633781,668,1,11,7.391276473,6,0.24,19.96,2025-04-11 20:04:40,2025-06-23 13:02:44,2025-04-25 07:41:01,0.82
54,193,71.71288147,49.59940659,78.05644769,416.4845316,1.248073179,1811,2,0,5.640478732,13,54.34,93.16,2025-06-27 10:38:28,2025-04-25 02:43:51,2025-05-04 00:48:52,0.12
51,158,74.88668095,38.64153766,73.18214969,261.2939582,0.477230335,2413,0,0,19.28317533,12,93.73,1.65,2025-04-16 17:22:25,2025-05-24 14:03:43,2025-06-24 13:37:56,0.54
63,170,71.43627157,46.31893878,96.53424991,284.6514339,0.467570613,2529,0,0,16.36070764,3,87.36,94.4,2025-06-01 23:04:47,2025-04-13 09:39:24,2025-05-22 04:23:08,0.16
77,203,89.13962709,55.52894893,79.68485513,335.4857539,1.045026919,734,1,7,7.697781102,10,46.17,29.93,2025-05-11 12:57:22,2025-04-12 12:40:16,2025-04-20 08:24:11,0.37
62,170,89.0391964,56.3557066,66.40534099,250.5852693,0.436281211,2460,0,0,14.13416449,3,2.95,88.37,2025-05-09 22:37:23,2025-06-09 08:22:28,2025-05-16 11:08:49,0.08
77,192,71.90193805,51.30043986,80.66655906,474.6645832,1.136291354,1651,1,9,7.307787372,3,98.1,32.76,2025-06-14 18:25:02,2025-06-24 01:45:43,2025-07-04 04:43:57,0.77
61,194,56.44352339,35.55804194,79.84884668,475.9632972,1.157560313,972,2,6,8.66535648,3,64.78,7.88,2025-07-02 18:50:23,2025-04-12 15:58:51,2025-06-22 08:59:11,0.33
71,198,75.01039618,40.77391335,75.72477512,469.6095582,1.33996398,1535,1,10,9.790367401,2,63.27,57.43,2025-04-21 18:18:20,2025-05-26 20:24:39,2025-04-11 05:24:55,0.19
72,195,95.06603047,59.92668675,71.04928592,389.7221262,1.222070938,1035,2,4,5.689114496,10,39.38,34.74,2025-06-27 10:16:47,2025-05-05 19:45:19,2025-07-03 16:57:23,0.33
77,196,60.12873054,52.39178675,70.66479031,458.8394663,0.59299064,1642,3,5,7.550548562,3,49.87,56.51,2025-04-21 08:13:36,2025-04-16 01:32:11,2025-04-23 14:53:31,0.85
59,153,62.11215842,39.73195324,77.98106897,260.2145644,0.109173125,2914,0,0,14.98255682,12,25.17,11.88,2025-05-28 23:36:55,2025-04-25 01:03:59,2025-04-18 20:52:33,0.3
57,161,91.39587908,54.15361869,83.65844894,251.7269056,0.276079599,2739,0,0,11.22376757,3,20.37,73.22,2025-04-21 17:53:41,2025-04-21 09:43:54,2025-05-30 18:57:49,0.34
71,209,62.50168908,56.02733832,82.99765572,446.723166,0.79944351,660,1,7,8.180886824,14,77.79,48.24,2025-04-24 16:08:48,2025-04-13 13:16:30,2025-07-01 05:43:25,0.76
64,155,99.64505727,44.94439175,93.49965967,295.0312753,0.181174547,2499,0,0,13.62235442,13,48.75,49.32,2025-05-06 19:11:36,2025-04-09 15:31:53,2025-06-01 08:21:10,0.78
60,179,93.26788175,45.4614162,75.54236299,229.8725574,0.476271698,2425,0,0,18.5272802,9,60.54,37.07,2025-04-27 07:47:59,2025-04-30 07:44:15,2025-04-29 15:07:09,0.93
62,194,44.42718002,48.70360799,88.12059883,441.2038015,1.131170646,1137,3,8,7.482305762,8,32.66,26.86,2025-06-27 02:26:37,2025-05-06 14:51:11,2025-06-18 20:40:52,0.48
53,195,31.71840753,44.50447405,63.94048224,379.7672059,1.422623058,1484,1,9,5.285273606,8,14.65,75.64,2025-05-30 23:42:55,2025-06-29 18:56:18,2025-06-19 14:45:34,0.1
56,184,71.02449355,55.74253205,89.24503958,237.1207094,0.271554752,2728,0,0,17.76710557,11,95.53,6.66,2025-06-21 05:31:07,2025-04-25 13:59:07,2025-05-17 13:17:33,0.05
53,169,84.78797761,41.23985695,83.64801119,231.5189521,0.40874309,2069,0,0,18.99833346,3,83.52,1.55,2025-04-10 06:06:13,2025-04-20 02:29:53,2025-05-31 12:53:41,0.1
60,209,33.83964626,57.64271229,71.8034354,465.5736751,1.287713016,641,1,6,9.906485452,6,45.35,50.79,2025-05-07 21:02:27,2025-06-01 13:23:12,2025-06-03 21:26:05,0.16
56,175,67.64762806,46.76526211,69.2609623,294.7035988,0.486942471,2444,0,0,11.14095785,2,50.76,1.72,2025-07-06 04:13:57,2025-05-06 12:28:16,2025-05-23 23:15:23,0.44
64,199,32.66520735,53.67508211,76.35316585,496.1033644,0.727409496,527,2,10,8.958499942,6,13.31,84.33,2025-06-30 21:02:33,2025-05-03 09:36:12,2025-04-21 22:35:13,0.67
75,203,78.33202566,49.69392574,64.9732362,489.1396294,1.349975371,1589,2,3,9.309934542,12,45.35,74.85,2025-06-24 08:44:12,2025-05-25 21:18:51,2025-04-28 10:03:19,0.67
75,201,62.49092424,40.25005298,84.19210852,391.8479755,0.551956578,1060,3,6,5.823531767,3,66.4,85.91,2025-04-30 09:48:12,2025-04-24 23:20:09,2025-05-06 15:23:15,0.99
53,204,36.14643822,47.55660156,86.38745565,474.115685,0.738796211,1500,2,11,7.789903694,12,41.31,99.42,2025-06-07 20:07:20,2025-04-17 22:08:56,2025-06-18 02:13:56,0.62
63,152,96.36880823,50.77403596,74.93437524,210.54737,0.362712042,2600,0,0,13.9738139,14,26.0,6.37,2025-04-23 12:12:30,2025-05-14 03:17:41,2025-06-10 08:54:30,0.92
52,200,36.11299377,40.46659262,68.61413874,458.5708838,1.077593366,1595,3,10,6.979852363,14,73.9,8.38,2025-04-25 05:42:21,2025-04-20 13:52:48,2025-04-16 01:59:55,0.44
51,199,43.42808821,41.15640384,79.15085784,422.6946277,0.863100737,782,2,9,7.535255519,6,95.1,55.26,2025-06-30 03:06:27,2025-04-09 15:26:55,2025-05-13 11:49:56,0.8
57,186,89.30540939,46.40755015,82.82904987,279.8593272,0.487102351,2786,0,0,18.82416368,11,42.18,2.72,2025-05-08 21:25:28,2025-06-25 19:37:34,2025-04-25 16:42:46,0.85
56,205,59.65247968,39.70717966,78.06084746,445.0371096,0.823011198,1423,2,11,7.13744844,8,95.78,93.04,2025-05-26 15:06:26,2025-06-25 17:48:11,2025-04-27 00:53:01,0.4
54,174,63.72121946,30.58728318,84.68875339,220.9752948,0.25161085,2226,0,0,11.87411944,11,55.51,19.88,2025-05-18 14:03:44,2025-06-29 16:41:38,2025-07-06 23:34:11,0.28
55,155,88.40971194,46.28700226,74.13503697,282.1636898,0.283706079,2724,0,0,12.54321981,2,30.54,65.31,2025-05-30 17:46:01,2025-05-17 00:55:43,2025-05-20 10:18:32,0.23
61,205,51.36042061,56.51956425,63.01912436,347.9748226,0.64197199,540,3,3,8.744131685,8,94.65,71.57,2025-06-27 18:50:52,2025-04-19 10:17:15,2025-05-22 01:53:47,0.97
75,206,93.65790212,49.42574335,89.37314814,426.8284277,0.626264742,771,2,3,6.574597943,2,1.8,20.64,2025-04-18 12:30:59,2025-06-05 02:29:05,2025-06-02 06:26:07,0.73
56,155,94.22949036,34.54359114,95.92602813,227.9276088,0.357152764,2515,0,0,18.66386514,10,39.9,10.63,2025-05-12 19:47:02,2025-06-23 14:39:11,2025-06-29 10:31:23,0.46
64,170,61.32757418,36.07892802,79.59488372,293.8304818,0.448481793,2550,0,0,18.0739603,10,23.43,98.81,2025-04-27 08:43:17,2025-04-19 04:38:13,2025-05-19 09:26:06,0.47
71,208,96.28780123,43.41464624,89.01101577,322.1978938,0.947055544,1049,2,5,6.908059699,2,31.24,67.21,2025-05-14 03:41:36,2025-06-19 22:44:47,2025-05-14 23:33:13,0.43
63,163,79.16280252,40.36000178,72.64332125,202.7175016,0.486497364,2661,0,0,18.58341677,2,97.99,54.6,2025-07-04 10:57:56,2025-05-30 15:06:42,2025-04-28 00:26:50,0.01
52,199,87.97261501,46.78921819,89.4539608,424.2688995,1.059184807,1898,1,0,6.407605992,3,83.29,13.88,2025-05-15 01:36:13,2025-05-30 16:37:16,2025-06-06 17:22:05,0.42
77,195,64.80988906,31.36681871,67.89947351,309.2247129,1.06717078,1319,1,6,6.486189039,2,87.49,81.83,2025-04-28 17:51:45,2025-06-07 04:25:11,2025-07-07 11:18:08,0.82
58,193,31.93473814,47.54478914,86.31785288,366.0816008,0.840405843,1650,3,8,7.656582603,12,69.29,84.49,2025-06-10 09:49:03,2025-05-23 11:09:18,2025-04-26 07:14:41,0.99
63,201,47.48420505,59.90875032,85.67088282,404.2891378,0.563640909,1799,1,4,7.441873145,2,78.61,66.15,2025-05-25 16:09:32,2025-07-05 11:15:40,2025-07-04 01:07:29,0.58
62,158,86.76801052,56.58573599,86.36936701,257.1772352,0.306978541,2430,0,0,10.82207064,9,57.75,23.1,2025-04-13 02:23:49,2025-05-19 07:00:28,2025-05-22 04:48:38,0.19
84,204,84.07693724,57.8504658,73.30140043,421.4179157,1.131307553,1004,1,4,6.187167342,6,92.71,23.24,2025-05-01 15:40:04,2025-05-31 01:41:55,2025-04-17 06:43:12,1.0
53,171,91.47001341,49.41532413,67.88026928,227.1568765,0.289158853,2360,0,0,15.06266059,14,57.52,69.24,2025-05-28 00:32:06,2025-07-04 05:32:52,2025-06-28 15:30:12,0.84
75,207,74.47412373,39.4498671,61.36946237,328.0048195,0.776814308,1972,1,2,8.112598479,7,98.07,14.25,2025-06-29 08:39:13,2025-04-09 08:35:58,2025-04-12 21:33:00,0.69
82,209,68.27970314,50.33145257,60.16517397,301.5328065,0.719068809,1054,1,11,7.314259775,12,86.84,4.64,2025-04-25 16:34:49,2025-07-03 07:57:13,2025-05-26 13:04:25,0.3
83,199,71.73955293,58.63507439,71.91045124,317.4185534,1.117066516,1355,1,4,9.399313387,14,62.49,83.47,2025-05-08 20:12:39,2025-06-23 06:11:30,2025-05-05 17:01:18,0.98
62,200,31.34560704,39.01194038,87.88280083,333.0407879,0.889872353,518,1,6,6.290866271,3,65.37,3.35,2025-05-10 02:02:52,2025-06-04 06:31:07,2025-05-11 20:58:02,0.31
62,175,98.20242046,56.42396565,60.04695316,263.640137,0.120454153,2430,0,0,10.595247,11,27.64,73.2,2025-06-01 07:01:59,2025-05-21 22:28:41,2025-06-24 21:29:59,0.43
51,191,49.95876306,46.00709758,79.87993539,318.4569584,1.096321519,1435,1,2,7.021198648,3,76.76,23.59,2025-05-08 00:47:36,2025-07-03 22:48:29,2025-06-07 20:47:45,0.03
56,151,86.74290587,43.57339913,70.85759973,259.3660791,0.104052474,2209,0,0,11.38871326,11,37.0,77.53,2025-07-06 20:54:14,2025-05-02 13:52:41,2025-05-15 08:02:51,0.76
81,192,88.95892222,42.41116833,87.07359922,313.2887689,1.033967473,795,2,2,8.474411868,6,36.9,61.45,2025-06-13 15:27:38,2025-04-11 00:15:50,2025-05-18 08:54:00,0.13
50,164,61.74956289,32.4600659,88.96605991,234.3167353,0.391669395,2504,0,0,10.67384555,14,93.91,23.84,2025-06-21 21:59:16,2025-06-22 08:28:14,2025-04-10 04:41:00,0.14
71,193,86.9186649,45.50762349,69.18940496,457.797032,0.946419516,1974,3,10,7.154926103,7,43.55,31.86,2025-04-22 19:31:47,2025-05-03 23:59:41,2025-04-21 10:16:15,0.8
59,193,41.78922676,40.51625198,87.79203466,333.1256694,1.14574051,920,1,2,9.73322217,11,78.69,71.77,2025-04-21 23:50:45,2025-06-29 09:17:41,2025-05-22 22:17:11,0.79
61,167,85.4760927,36.81208333,62.15135667,240.9628895,0.224486998,2805,0,0,18.4713949,3,64.05,44.37,2025-05-23 22:11:08,2025-04-18 12:31:43,2025-06-24 05:04:12,0.2
53,161,82.38753779,32.1051837,79.18399333,297.2025256,0.191394699,2343,0,0,15.05455118,2,99.78,29.7,2025-06-02 07:12:13,2025-05-23 23:36:09,2025-07-06 14:10:42,0.59
59,176,68.35456283,48.5127466,72.42450673,239.5434268,0.225282504,2124,0,0,14.58523009,10,13.5,20.57,2025-05-23 03:44:05,2025-04-14 10:47:43,2025-05-02 18:01:51,0.86
59,186,98.23675316,46.27933435,86.65211017,260.2942876,0.430682944,2368,0,0,10.88201704,12,99.39,16.26,2025-07-04 20:25:15,2025-06-24 10:39:40,2025-06-19 12:25:07,0.88
53,206,75.42047619,36.80774209,76.24222822,330.8290086,1.053711485,1173,1,0,8.809509063,7,72.5,82.29,2025-04-23 16:35:08,2025-05-28 20:41:20,2025-04-25 11:42:51,0.58
52,199,54.80444921,44.18027449,65.31512776,401.4892732,1.177387322,799,3,8,7.724138288,9,16.77,30.16,2025-04-29 13:14:23,2025-04-19 02:11:01,2025-05-09 00:57:36,0.37
77,192,66.02085967,56.3351386,66.2192701,456.4776659,1.234577923,603,2,10,8.96260696,8,70.38,73.27,2025-05-05 23:59:10,2025-06-03 19:27:14,2025-04-27 12:02:07,0.09
54,157,61.57838132,39.51092075,76.29073752,222.7749736,0.485611539,2116,0,0,15.99120585,11,30.39,5.7,2025-05-09 00:21:45,2025-05-20 06:27:08,2025-05-26 13:49:29,0.89
81,200,81.97289918,41.15482104,80.42267679,393.3564154,0.534461259,1382,3,11,9.904936891,13,14.61,85.9,2025-06-04 18:22:05,2025-06-21 22:13:23,2025-05-28 04:31:09,0.61
55,193,38.57350667,34.06446182,94.04495478,377.3081014,1.011275462,1260,3,3,8.628582316,8,37.94,63.53,2025-05-20 18:03:25,2025-04-17 11:45:54,2025-06-06 22:01:13,0.38
51,208,84.08467941,51.82813519,84.19768027,395.2966768,1.49612295,615,1,0,7.195749083,14,1.84,54.91,2025-06-16 14:28:50,2025-07-06 11:06:54,2025-04-21 19:59:51,0.76
57,168,72.4759632,45.1209513,60.92370149,297.1533042,0.188298195,2719,0,0,17.62596395,12,48.17,58.98,2025-04-23 22:55:15,2025-06-12 10:34:02,2025-04-18 15:25:04,0.24
80,192,87.70129726,42.68870259,68.98186765,371.7431051,1.304437208,1195,2,10,8.966970072,7,73.27,16.31,2025-06-21 09:08:00,2025-06-12 15:52:29,2025-06-16 22:47:45,0.47
57,206,63.59248617,30.04635096,61.32485809,368.3564809,1.132906331,1410,1,0,5.028329073,14,54.56,97.21,2025-05-05 03:51:34,2025-07-04 03:55:24,2025-04-21 18:22:05,0.89
58,190,55.37764319,42.27208228,77.21511785,397.5255619,0.577649335,1907,2,7,6.530686704,2,74.45,4.02,2025-05-06 01:28:19,2025-06-23 10:11:01,2025-04-15 20:01:34,0.75
61,162,97.90752104,31.44632951,98.87788018,252.2576599,0.219826271,2935,0,0,11.12931643,12,33.32,64.94,2025-04-20 16:10:33,2025-06-03 02:04:19,2025-07-02 19:59:04,0.04
55,191,32.18705506,48.05746565,68.85871482,346.4768646,0.781004499,1403,3,9,7.025513473,8,31.55,72.52,2025-04-11 21:29:18,2025-04-25 13:48:49,2025-06-07 09:36:23,0.7
56,188,69.04115991,42.80952084,89.36943346,260.3493096,0.243125634,2312,0,0,17.59611429,13,82.2,11.41,2025-06-22 07:41:21,2025-06-07 11:30:42,2025-06-23 16:28:07,0.01
56,199,47.57594365,42.49567726,62.15327419,436.5234442,0.74193168,911,2,5,6.515970297,9,75.9,43.48,2025-06-03 22:15:05,2025-06-05 09:47:55,2025-05-06 09:59:47,0.02
84,193,65.71503845,45.50692301,68.14228141,399.3390846,0.784274093,1349,2,10,8.743226171,10,64.79,33.55,2025-05-30 09:33:48,2025-04-20 20:35:59,2025-06-05 12:34:39,0.04
50,178,61.87407634,35.52339116,81.20929462,206.2689622,0.435735397,2936,0,0,13.40370746,14,71.18,14.12,2025-05-21 15:01:08,2025-05-08 06:45:41,2025-06-03 01:02:10,0.48
62,200,54.8014398,32.59859849,89.12460894,473.3095963,1.071809164,1410,3,4,9.549715719,10,4.65,14.95,2025-04-30 21:34:52,2025-05-14 18:57:30,2025-04-11 05:18:50,0.72
52,194,64.64090725,30.84583498,89.11572627,486.0341931,1.344248702,1450,2,0,5.695579244,10,72.41,81.9,2025-05-10 14:26:17,2025-04-14 06:48:58,2025-04-09 01:30:59,0.86
62,194,58.98142515,55.22075581,88.52318123,440.5081003,0.798052209,1032,3,4,8.220746107,14,83.46,42.23,2025-05-01 05:56:45,2025-04-20 09:23:06,2025-05-21 19:53:13,0.93
55,188,80.01604583,48.65458272,73.73098815,220.8882724,0.247482868,2235,0,0,10.02881252,2,72.3,82.56,2025-04-23 18:45:12,2025-04-12 01:10:18,2025-04-10 16:56:24,0.76
51,194,54.6653966,47.00696002,66.35982164,431.4706964,0.972281804,1451,2,2,8.981202978,12,60.5,63.44,2025-05-26 23:51:03,2025-05-16 18:48:46,2025-04-22 09:37:02,0.32
71,198,65.46403615,43.03279521,82.15792374,363.1254688,1.144832604,1672,2,7,7.895876277,7,95.18,94.06,2025-05-22 16:29:02,2025-04-14 18:28:08,2025-04-26 04:16:31,0.55
52,162,62.32367808,42.23024425,75.47585708,226.7592677,0.43419209,2557,0,0,12.41888884,13,74.04,88.63,2025-06-01 00:53:08,2025-06-04 04:32:13,2025-05-07 01:06:45,0.33
55,166,64.97473596,48.2728535,74.78593753,240.4289747,0.312375071,2181,0,0,12.66675197,13,74.13,80.28,2025-04-12 15:47:01,2025-04-23 13:48:32,2025-06-15 14:27:10,0.1
73,195,90.49236128,49.09837779,68.01757889,343.9610698,0.631518267,674,2,10,5.601036146,8,47.21,80.56,2025-05-05 23:04:36,2025-06-12 11:11:11,2025-06-11 03:13:19,0.64
74,190,89.56106231,44.46526771,79.25579877,414.1299248,1.068092512,872,1,8,9.396275574,2,9.11,20.92,2025-04-17 22:26:09,2025-04-18 18:27:54,2025-05-13 11:27:59,0.33
60,157,91.32793653,45.60752247,73.73987277,239.8005293,0.221166292,2194,0,0,17.10135432,9,53.44,68.73,2025-06-22 11:24:31,2025-06-26 23:40:14,2025-04-22 20:31:05,0.95
61,162,89.89777626,49.47619657,61.73533348,295.7789801,0.477089728,2644,0,0,15.30737355,10,92.65,31.94,2025-05-03 01:11:34,2025-05-26 04:53:56,2025-04-10 12:18:01,0.6
84,198,68.19924838,44.51254401,90.49336429,479.2150224,1.347194439,1006,1,4,5.734813548,14,84.51,93.1,2025-06-15 18:35:07,2025-04-21 12:04:38,2025-04-15 18:59:34,0.33
73,204,66.55524095,52.8563783,84.29580562,489.4790499,0.837340141,1961,1,10,8.449998687,8,69.8,30.87,2025-06-23 15:26:09,2025-06-04 10:31:25,2025-06-17 20:08:58,0.98
54,169,85.23687161,48.95346851,64.02824553,295.7934121,0.31186389,2014,0,0,13.54267765,9,81.76,23.93,2025-05-24 18:09:41,2025-05-23 10:44:14,2025-06-18 21:51:57,0.1
74,195,70.9881526,56.13930982,73.78994611,409.3154284,0.932816002,502,2,7,7.227708194,13,12.93,20.74,2025-06-16 01:44:08,2025-07-05 09:49:28,2025-05-21 13:56:07,0.01
61,190,34.10997189,49.89962739,88.18081652,378.3716593,1.159113764,771,3,9,8.558614029,11,76.55,72.91,2025-04-25 02:42:04,2025-07-03 04:52:05,2025-05-10 08:54:27,0.87
81,200,78.35853918,58.38774809,65.28286414,342.7914077,0.513029568,1913,3,3,8.491555786,9,18.11,92.48,2025-06-08 08:01:22,2025-06-12 04:01:38,2025-05-07 00:01:40,0.48
71,191,90.29240829,33.23342872,74.30700319,443.6662351,0.747340316,1332,3,8,8.906744203,3,93.58,51.76,2025-05-24 00:38:12,2025-04-08 23:10:41,2025-06-01 13:19:04,0.14
75,201,60.48412467,30.18076938,83.9257336,485.2388137,0.72867678,670,1,9,9.040396412,13,41.53,25.98,2025-05-24 14:30:04,2025-04-17 21:19:59,2025-04-21 17:35:47,0.24
57,205,32.86197832,38.57404042,75.72924409,396.1780293,1.162434012,509,1,7,6.989183128,8,40.9,18.04,2025-06-20 17:06:37,2025-05-15 12:39:14,2025-06-28 10:08:17,0.31
50,196,74.86896266,37.84916372,82.6279492,483.6852864,1.450928595,1217,1,0,8.937745429,14,96.77,96.19,2025-06-26 11:43:03,2025-05-21 04:03:53,2025-04-17 04:05:22,0.23
54,176,76.62415584,46.94543335,97.55591009,287.7355612,0.489748895,2854,0,0,15.05957908,13,73.2,82.69,2025-04-21 17:41:47,2025-06-01 20:58:43,2025-06-14 16:28:24,0.22
54,190,35.25665316,47.33540709,68.47436232,490.0918341,1.081622293,1150,3,6,7.583491926,13,32.98,71.38,2025-06-18 10:59:05,2025-05-28 19:11:37,2025-04-26 09:52:36,0.47
62,196,56.82282908,58.92913026,86.77674682,383.8895988,1.280365503,1373,3,3,6.023400545,6,57.35,50.23,2025-04-28 17:49:00,2025-06-22 07:15:51,2025-06-25 02:13:09,0.43
52,188,61.31238497,52.72084938,70.93062715,229.5241802,0.451798628,2896,0,0,14.09412072,12,43.86,68.14,2025-06-30 17:12:11,2025-06-01 01:24:10,2025-05-14 17:29:27,0.56
64,193,50.80854172,45.42245632,91.36626717,330.319015,1.375883084,970,1,9,6.450145968,8,71.6,37.1,2025-05-03 13:42:55,2025-05-23 09:00:12,2025-05-20 22:13:53,0.72
63,155,62.1853768,59.46156326,66.78375994,230.419872,0.221577005,2514,0,0,18.82734381,7,76.19,59.95,2025-06-02 03:34:44,2025-05-08 08:19:30,2025-05-13 07:22:01,0.81
61,201,36.7288045,53.26094384,82.25688981,469.6850758,0.922629197,805,2,6,8.563106665,9,65.81,7.44,2025-05-16 11:26:25,2025-04-18 14:42:31,2025-06-18 06:31:07,0.76
58,185,99.39433611,45.08496519,71.79585603,259.0637834,0.364405702,2570,0,0,14.14469716,6,16.98,86.5,2025-05-22 07:21:56,2025-04-19 23:14:36,2025-04-13 07:00:16,0.32
60,191,53.41895152,51.67545561,88.56665357,308.4844596,0.765326138,935,3,10,5.649706861,9,22.81,59.47,2025-06-28 08:01:10,2025-06-09 18:21:01,2025-06-26 01:40:51,0.8
50,174,66.88356917,59.44839998,73.46440937,215.9025004,0.172078302,2422,0,0,14.61716144,11,28.06,52.83,2025-06-07 03:53:50,2025-06-16 14:40:22,2025-04-14 06:57:58,0.86
59,188,94.01886459,46.89208169,60.92573713,205.18953,0.156868179,2581,0,0,13.35610454,9,33.16,75.57,2025-05-14 23:52:01,2025-05-01 10:06:55,2025-06-08 19:23:23,0.39
50,161,86.84221135,38.70648443,88.73274429,231.198402,0.293000168,2099,0,0,17.86205652,11,60.62,8.88,2025-06-27 21:10:43,2025-05-14 07:11:53,2025-04-17 19:51:25,0.73
50,208,91.28685052,32.48765662,94.93868401,423.1823831,1.343278091,1258,3,0,7.505439401,3,38.15,63.63,2025-04-18 12:28:36,2025-05-14 15:34:40,2025-05-16 06:22:36,0.51
70,197,62.06674887,50.09591197,81.55361842,472.5280942,0.679255612,1158,3,11,9.043949923,12,76.83,29.25,2025-05-31 13:16:08,2025-05-20 11:13:58,2025-06-13 10:45:41,0.05
56,151,94.85656137,43.45405988,83.90044192,225.0467899,0.34994964,2450,0,0,18.50680261,11,77.13,36.84,2025-06-23 00:22:19,2025-05-04 16:46:07,2025-05-12 23:43:44,0.07
51,209,86.96079676,31.03671598,76.46575995,357.5265458,0.8067766,1806,1,0,9.674972159,2,43.33,76.09,2025-06-21 13:29:29,2025-06-07 01:02:38,2025-06-28 17:47:31,0.71
63,194,32.05059601,55.67519685,68.57274974,386.5533759,1.185443883,696,3,3,6.027007042,14,77.99,19.44,2025-05-30 05:44:04,2025-07-03 22:59:47,2025-04-08 20:18:09,0.21
62,209,86.85916595,42.64564307,65.96976417,383.6667728,1.250939798,1259,1,0,6.62626953,3,60.79,84.86,2025-06-19 11:27:31,2025-06-23 16:38:47,2025-04-23 06:27:08,0.69
78,197,62.70010187,40.37401989,65.38094046,494.1353091,0.613303505,1841,1,6,5.949076515,3,71.85,30.12,2025-05-30 07:50:17,2025-05-05 04:07:41,2025-06-14 00:08:45,0.38
80,206,75.90449514,35.28552526,80.13332347,396.6079395,0.768533756,1085,2,7,5.719709568,6,14.88,86.94,2025-04-16 10:02:41,2025-04-22 14:43:21,2025-06-04 19:46:32,0.44
62,187,62.73336419,38.60749499,80.87392433,245.8022212,0.136838101,2833,0,0,12.67402028,12,20.9,7.99,2025-06-06 00:04:09,2025-04-12 11:46:16,2025-04-19 10:21:01,0.09
55,204,46.90979913,49.0137295,80.16168116,416.7113935,1.02575622,1582,2,5,9.733668645,2,53.02,30.68,2025-04-26 21:11:32,2025-04-26 21:25:50,2025-04-18 14:32:09,0.6
74,204,68.52340035,58.78114192,60.20046388,454.460203,1.12520477,913,1,2,5.076974458,7,100.0,38.82,2025-06-02 15:55:44,2025-04-27 21:36:48,2025-05-23 16:23:08,0.4
58,193,97.58606045,34.40967387,93.14314776,423.4498042,1.23940823,761,2,0,5.509465504,7,42.48,91.75,2025-06-06 18:14:27,2025-05-16 23:57:28,2025-06-23 15:10:28,0.63
51,192,56.70171076,41.68602629,84.21567956,472.2639252,1.317252311,878,1,11,9.981311433,6,55.78,57.81,2025-05-12 10:48:41,2025-06-24 11:04:06,2025-05-20 08:28:27,0.79
78,198,69.6808832,44.28105447,77.28478716,339.8540673,1.377470047,1959,3,2,6.072032415,2,5.05,33.86,2025-04-11 17:47:26,2025-06-28 06:11:51,2025-04-27 10:37:37,0.71
51,189,74.19443323,48.49543061,66.46033144,259.709577,0.337921286,2605,0,0,19.5149071,13,90.8,85.49,2025-06-05 08:23:25,2025-06-10 07:21:19,2025-06-01 20:49:02,0.48
64,208,44.80502976,45.66609525,83.6030851,379.4896314,1.013611047,1514,3,9,5.342293597,11,22.4,18.49,2025-05-01 10:06:51,2025-07-02 05:39:48,2025-05-01 12:27:02,0.06
82,195,91.98875056,46.67213578,85.95580042,483.051437,1.359823835,1067,3,6,7.056697332,12,72.22,5.06,2025-06-10 04:24:42,2025-06-18 13:43:59,2025-04-11 11:45:24,0.93
61,187,77.10405335,48.8509103,79.47966974,293.6280621,0.125602539,2865,0,0,15.00080118,3,53.85,80.23,2025-05-04 20:05:38,2025-06-22 10:01:38,2025-06-03 07:33:32,0.5
78,202,72.04184311,40.05262485,76.40440193,398.2191459,1.427110629,1730,1,8,8.564800039,11,67.9,86.08,2025-05-09 13:52:19,2025-04-18 19:00:50,2025-05-07 04:56:24,0.33
70,195,66.3796905,43.20925229,62.11475837,337.129341,1.164219385,954,3,5,7.231006105,13,64.76,27.75,2025-07-01 23:50:19,2025-07-06 18:12:35,2025-05-16 23:13:26,0.47
53,161,69.99827786,40.30011319,88.38884537,235.6885975,0.241515663,2051,0,0,18.72635803,7,86.57,9.06,2025-06-23 22:14:41,2025-04-28 11:59:01,2025-04-12 05:43:57,0.21
56,181,91.45430932,52.64433196,71.20560531,227.1498754,0.192713436,2880,0,0,11.02567963,14,70.49,21.34,2025-05-01 15:31:18,2025-05-07 08:51:48,2025-07-06 19:06:51,0.74
62,184,73.955603,50.43198792,83.83456901,288.4376547,0.237912568,2975,0,0,17.48355854,9,35.0,82.59,2025-04-13 05:10:33,2025-04-27 14:22:29,2025-05-28 13:45:23,0.8
58,178,78.36756935,48.22187218,81.65787683,238.4803617,0.29575058,2044,0,0,11.6528449,3,38.81,38.94,2025-06-02 21:10:44,2025-05-20 05:12:16,2025-04-27 18:52:11,0.88
54,195,53.68296583,35.93573364,88.53424025,369.0459907,0.914200926,915,2,4,6.207684209,7,15.29,38.17,2025-05-07 10:42:53,2025-06-26 20:36:01,2025-04-29 23:03:35,0.36
72,193,64.73660157,44.23788661,69.33007484,333.3862142,0.743729483,1650,3,7,6.097769616,6,38.44,98.47,2025-04-19 17:09:35,2025-06-23 19:33:27,2025-04-30 23:22:27,0.91
80,198,76.63100414,38.57888667,88.5226251,439.2859614,1.202146096,948,1,3,6.637760826,12,55.69,47.11,2025-05-14 11:33:06,2025-05-07 03:22:43,2025-06-19 10:33:23,0.5
51,205,58.35342566,53.93254542,74.87111251,486.6254469,0.939095565,1355,2,2,6.031260569,6,87.16,30.37,2025-06-13 02:56:02,2025-04-18 17:05:57,2025-04-19 19:05:52,1.0
52,196,53.18960164,59.02884057,83.29467908,422.2673204,1.357308902,750,1,4,7.803391475,3,49.18,6.87,2025-05-02 21:16:52,2025-05-19 23:31:11,2025-05-30 02:22:06,0.11
59,165,60.39915107,54.46887325,76.06969798,283.6117703,0.428555345,2335,0,0,12.03436475,14,33.68,26.24,2025-05-27 20:29:35,2025-07-07 15:20:58,2025-06-19 00:01:49,0.87
58,156,78.05176452,33.66884393,96.37435049,288.2559877,0.286523902,2692,0,0,14.09739236,14,42.16,93.83,2025-06-12 05:14:22,2025-05-25 12:13:07,2025-06-30 12:01:43,0.71
52,205,36.23869078,40.83970858,74.3778027,336.3446586,1.24308154,1858,1,2,5.370527113,6,27.74,27.23,2025-06-06 01:05:34,2025-05-23 23:28:08,2025-04-15 17:29:17,0.49
75,204,69.26193744,58.85091879,61.28512665,389.2773781,0.570003512,705,3,8,6.847870997,3,76.2,42.26,2025-05-23 03:41:18,2025-06-21 16:52:45,2025-04-21 13:54:34,0.82
60,180,88.35062621,30.16727364,66.53002199,266.1684288,0.293595747,2347,0,0,16.3198868,13,8.23,80.06,2025-06-27 01:44:30,2025-06-01 00:32:43,2025-05-19 07:37:24,0.51
64,205,31.99389977,55.33030099,77.51140763,456.3919954,1.251746992,1306,2,5,5.701622591,14,78.11,30.0,2025-05-28 04:40:17,2025-04-17 20:34:53,2025-06-09 21:46:55,0.01
61,178,75.46480691,53.24967894,70.40887979,239.0755152,0.163471549,2399,0,0,17.58715321,12,42.86,75.45,2025-05-05 06:10:49,2025-04-25 23:13:38,2025-06-23 15:24:04,0.21
79,193,94.1033982,40.83292836,82.74801876,361.3809026,0.914971215,766,2,9,7.942524676,6,97.59,89.78,2025-05-31 18:51:58,2025-04-30 15:20:58,2025-05-19 17:23:14,0.66
60,151,76.99403371,58.15677028,75.2117894,218.7920381,0.130788668,2513,0,0,11.33650581,2,38.25,43.27,2025-04-19 19:39:05,2025-06-08 17:29:40,2025-06-20 14:43:22,0.54
51,206,38.15838118,43.84717845,67.92185954,487.8136959,1.136374282,1652,2,6,8.473204794,7,18.51,21.88,2025-06-17 19:45:20,2025-06-01 04:45:25,2025-06-30 04:45:49,0.93
76,199,86.47875779,56.29879457,83.34075729,452.1702662,0.687722406,1863,2,6,8.739192872,8,2.66,92.73,2025-06-14 08:24:38,2025-05-04 00:26:53,2025-04-27 08:57:47,0.76
